Method,Intrinsic,Extrinsic
Detm,0.03581,0.00512
Rand,0.71677,0.00048
TwoRand,0.71873,0.00225
TwoDifDetm,0.05444,0.55562